commit	when	target	engine	state	seconds	rc	cores	load	dirty
59b7c7ccd	2026-08-25T16:31:03Z	+earthly	earthly	cold	43.93	0	16	11.70	dirty
59b7c7ccd	2026-08-25T16:32:00Z	+earthly	native	cold	53.82	0	16	16.19	dirty
59b7c7ccd	2026-08-25T16:32:53Z	+earthly	native	cold	45.35	0	16	14.61	dirty
59b7c7ccd	2026-08-25T16:33:46Z	+earthly	earthly	cold	47.34	0	16	15.97	dirty
59b7c7ccd	2026-08-25T16:34:57Z	+earthly	earthly	warm	70.00	0	16	14.52	dirty
59b7c7ccd	2026-08-25T16:35:04Z	+earthly	native	warm	7.11	0	16	14.64	dirty
59b7c7ccd	2026-08-25T16:35:12Z	+earthly	native	warm	8.06	0	16	13.93	dirty
59b7c7ccd	2026-08-25T16:35:36Z	+earthly	earthly	warm	24.45	0	16	14.22	dirty
715e8aebe	2026-08-25T18:59:47Z	+earthly	earthly	cold	41.41	0	16	15.37	-
715e8aebe	2026-08-25T19:00:34Z	+earthly	native	cold	42.30	0	16	13.26	-
715e8aebe	2026-08-25T19:00:56Z	+earthly	earthly	warm	21.74	0	16	12.39	-
715e8aebe	2026-08-25T19:01:04Z	+earthly	native	warm	7.73	0	16	11.80	-
f81784006	2026-08-25T19:06:12Z	+earthly	earthly	cold	40.61	0	16	9.01	dirty
f81784006	2026-08-25T19:06:59Z	+earthly	native	cold	40.36	0	16	9.68	dirty
f81784006	2026-08-25T19:07:21Z	+earthly	earthly	warm	21.57	0	16	10.22	dirty
f81784006	2026-08-25T19:07:28Z	+earthly	native	warm	7.49	0	16	10.13	dirty
5823c90f7	2026-08-25T19:10:43Z	+earthly	earthly	cold	40.49	0	16	10.41	-
5823c90f7	2026-08-25T19:11:31Z	+earthly	native	cold	41.26	0	16	12.16	-
5823c90f7	2026-08-25T19:11:51Z	+earthly	earthly	warm	19.30	0	16	12.30	-
5823c90f7	2026-08-25T19:11:51Z	+earthly	native	warm	0.64	0	16	12.52	-
86f7e75bc	2026-08-25T19:59:36Z	+earthly	earthly	incr	21.89	0	16	10.16	dirty
86f7e75bc	2026-08-25T19:59:43Z	+earthly	native	incr	7.06	0	16	9.52	dirty
6183f094c	2026-08-25T20:11:42Z	+earthly	earthly	cold	42.48	0	16	39.01	-
6183f094c	2026-08-25T20:12:32Z	+earthly	native	cold	41.54	0	16	48.26	-
6183f094c	2026-08-25T20:12:52Z	+earthly	earthly	warm	19.55	0	16	38.26	-
6183f094c	2026-08-25T20:12:53Z	+earthly	native	warm	0.65	0	16	38.26	-
6183f094c	2026-08-25T20:13:35Z	+earthly	earthly	incr	21.54	0	16	24.46	-
6183f094c	2026-08-25T20:13:42Z	+earthly	native	incr	7.11	0	16	22.48	-
fae3727f0	2026-08-25T20:22:52Z	+earthly	earthly	cold	42.63	0	16	10.95	-
fae3727f0	2026-08-25T20:23:42Z	+earthly	native	cold	42.31	0	16	11.65	-
fae3727f0	2026-08-25T20:24:29Z	+earthly	native	cold	40.68	0	16	12.80	-
fae3727f0	2026-08-25T20:25:13Z	+earthly	earthly	cold	39.72	0	16	12.17	-
fae3727f0	2026-08-25T20:25:57Z	+earthly	earthly	cold	39.79	0	16	11.73	-
fae3727f0	2026-08-25T20:26:45Z	+earthly	native	cold	40.96	0	16	10.57	-
fae3727f0	2026-08-25T20:27:04Z	+earthly	earthly	warm	19.37	0	16	11.29	-
fae3727f0	2026-08-25T20:27:05Z	+earthly	native	warm	0.63	0	16	11.29	-
fae3727f0	2026-08-25T20:27:06Z	+earthly	native	warm	0.60	0	16	11.29	-
fae3727f0	2026-08-25T20:27:26Z	+earthly	earthly	warm	19.84	0	16	11.74	-
fae3727f0	2026-08-25T20:27:45Z	+earthly	earthly	warm	19.67	0	16	10.99	-
fae3727f0	2026-08-25T20:27:46Z	+earthly	native	warm	0.69	0	16	11.23	-
fae3727f0	2026-08-25T20:28:28Z	+earthly	earthly	incr	21.73	0	16	11.81	-
fae3727f0	2026-08-25T20:28:35Z	+earthly	native	incr	6.92	0	16	11.35	-
fae3727f0	2026-08-25T20:29:03Z	+earthly	native	incr	7.25	0	16	10.78	-
fae3727f0	2026-08-25T20:29:24Z	+earthly	earthly	incr	21.15	0	16	10.38	-
fae3727f0	2026-08-25T20:30:06Z	+earthly	earthly	incr	21.75	0	16	11.74	-
fae3727f0	2026-08-25T20:30:13Z	+earthly	native	incr	6.97	0	16	10.96	-
7e27afd38	2026-09-22T06:01:41Z	+earthly	earthly	cold	43.28	0	16	4.20	-
7e27afd38	2026-09-22T06:04:16Z	+earthly	native	cold	22.97	0	16	5.42	-
7e27afd38	2026-09-22T06:04:40Z	+earthly	native	cold	21.51	0	16	6.01	-
7e27afd38	2026-09-22T06:05:25Z	+earthly	earthly	cold	40.92	0	16	6.48	-
7e27afd38	2026-09-22T06:06:07Z	+earthly	earthly	cold	38.08	0	16	6.60	-
7e27afd38	2026-09-22T06:06:30Z	+earthly	native	cold	22.34	0	16	7.42	-
7e27afd38	2026-09-22T06:07:52Z	+earthly	earthly	cold	40.08	0	16	6.59	-
7e27afd38	2026-09-22T06:08:16Z	+earthly	native	cold	23.42	0	16	7.47	-
7e27afd38	2026-09-22T06:08:41Z	+earthly	native	cold	22.82	0	16	7.68	-
7e27afd38	2026-09-22T06:09:24Z	+earthly	earthly	cold	39.27	0	16	7.24	-
7e27afd38	2026-09-22T06:10:07Z	+earthly	earthly	cold	38.68	0	16	6.61	-
7e27afd38	2026-09-22T06:10:30Z	+earthly	native	cold	22.15	0	16	6.69	-
7e27afd38	2026-09-22T06:11:45Z	+earthly	earthly	incr	21.98	0	16	5.22	-
7e27afd38	2026-09-22T06:11:49Z	+earthly	native	incr	3.34	0	16	5.04	-
7e27afd38	2026-09-22T06:12:07Z	+earthly	native	incr	3.16	0	16	4.38	-
7e27afd38	2026-09-22T06:12:23Z	+earthly	earthly	incr	15.56	0	16	4.16	-
7e27afd38	2026-09-22T06:12:50Z	+earthly	earthly	incr	14.27	0	16	3.04	-
7e27afd38	2026-09-22T06:12:54Z	+earthly	native	incr	3.27	0	16	3.19	-
7e27afd38	2026-09-22T06:13:06Z	+earthly	earthly	warm	12.45	0	16	3.58	-
7e27afd38	2026-09-22T06:13:07Z	+earthly	native	warm	0.33	0	16	3.58	-
7e27afd38	2026-09-22T06:13:07Z	+earthly	native	warm	0.24	0	16	3.58	-
7e27afd38	2026-09-22T06:13:19Z	+earthly	earthly	warm	12.24	0	16	3.79	-
7e27afd38	2026-09-22T06:13:32Z	+earthly	earthly	warm	12.40	0	16	3.97	-
7e27afd38	2026-09-22T06:13:32Z	+earthly	native	warm	0.32	0	16	3.97	-
